1,AHORN 3375          ,19000,2800000,790000
2,HRAST DIVLJI 38932  ,19000,2300500,528000
3,Cobalt 26299BS      ,19000,2800000,500000
4,SIVI NK 2191        ,19000,2070000,740000
5,ORANGE 27121        ,19000,1620000,670000
6,ORANGE 27121        ,19000,1620000,670000
7,MASLINA 37762       ,19000,2800000,1030000
8,ORANGE 27121        ,19000,1620000,670000
9,BIJELI GL 1500S     ,19000,2070000,1300000
10,AMOUK 38543         ,19000,2800000,720000
11,Javor Class 34047NM ,19000,2800000,710000
12,TAUPE 27166         ,19000,2800000,740000
13,AMOUK 38543         ,19000,2800000,720000
14,SIVI NK 2191        ,19000,2070000,740000
15,LAVANDA 27187       ,19000,2070000,510000
16,SVJETLO SIVI 2112   ,19000,1960000,710000
17,Svj Plava 27179BS   ,19000,2070000,550000
18,Hr Kristal 34217RV  ,19000,2800000,400000
19,ORANGE 27121        ,19000,1620000,670000
20,ORANGE 27121        ,19000,1620000,670000
21,Jasen Nord K4343NM  ,19000,2800000,410000
22,ORAH ZINGARO 37458  ,19000,2080000,560000
23,BIJELI GL 1500S     ,19000,2070000,470000
24,HR AMAZ LIGHT 37746 ,19000,1890000,770000
25,ORANGE 27121        ,19000,2800000,640000
26,COKOLADA TAMNA 27181,19000,2800000,1030000
27,SIVA TAMNA 2162     ,19000,2800000,880500
28,ARTIC W SJAJ 606SG  ,19000,2090000,880000
29,HRAST 34136R NATUR  ,19000,2800000,440000
30,BIJELI GL 1500S     ,19000,1560000,920000
31,OCEAN 20245         ,19000,879000,2070000
33,SLONOVACA 2514      ,19000,1330000,550000
34,ORANGE 27121        ,19000,2800000,640000
35,SIVI NK 2191        ,19000,2800000,724500
36,ORANGE 27121        ,19000,2800000,640000
37,MAGNOLIJA GOD 2507SU,19000,1810000,580000
38,MAGNOLIJA GOD 2507SU,19000,2070000,530000
39,SIVA TAMNA 2162     ,19000,2800000,790000
40,CRNA SJAJ FUNDER    ,19000,1750000,400000
41,ORANGE 27121        ,19000,2800000,640000
42,Oksid 34321DP       ,19000,1680000,550000
43,MOJAVE 27174        ,19000,2800000,620000
44,MAGNOLIJA GOD 2507SU,19000,2800000,730000
45,MAGNOLIJA GOD 2507SU,19000,2800000,730000
46,DIJAMANT 1570       ,19000,2800000,440000
47,HRAST DIVLJI 38932  ,19000,1880500,430000
48,Orah Sicilija37755BS,19000,2180000,600000
49,BIJELI NK 1500P     ,19000,2070000,1300000
50,Hem Sahara 34313SV  ,19000,2800000,1140000
51,0085SG Sjaj Bijela  ,19000,2800000,610000
52,0504PO Mahagonij    ,19000,2230000,680000
53,ORANGE 27121        ,19000,2800000,646000
54,BIJELI GOD FUNDER   ,19000,2820000,400000
55,SIVA TAMNA 2162     ,19000,2800000,800000
56,Hr Marcato K4337AW  ,19000,2800000,853500
57,BIJELI SJAJ 17005G  ,19000,1830000,820000
58,SLONOVACA 2514      ,19000,2070000,890000
59,CHAMPAGNE 27045     ,19000,2800000,1330000
60,SLON SJAJ FUNDER    ,19000,2050000,970000
61,BIJELI SJAJ 17005G  ,19000,2800000,800000
62,BIJELI NK 1500P     ,19000,425000,2070000
63,BIJELI NK 1500P     ,19000,2070000,650000
64,COKOLADA TAMNA 27181,19000,2070000,660000
65,BIJELI NK 1500P     ,19000,2800000,430000
66,AMBALAZA            ,19000,2800000,451000
67,HRAST BRONCA 34141  ,19000,2800000,540000
68,Robinia Bat K4329AW ,19000,2800000,500000
69,HR MOCVARNI 37717A  ,19000,2800000,630000
70,Hr Kristal 34217RV  ,19000,1880500,400000
71,0085SG Sjaj Bijela  ,19000,2050000,490000
72,HRAST 34136R NATUR  ,19000,2010000,890000
73,Oksid 34321DP       ,19000,1830000,590000
74,BRIJEST 37965       ,19000,2800000,931500
75,0595FH PACIFIC      ,19000,1460000,440000
76,Vanilija 27123 NM   ,19000,2800000,700000
77,CHAMP 27045 DC      ,19000,2070000,1110000
78,Bijeli God 1101AW   ,19000,2800000,500000
79,JELA 3396           ,19000,2800000,850000
80,RUBY CRV SJAJ 318SG ,19000,1201500,2050000
81,Krist Bijela 27018DP,19000,2800000,490000
82,SIVA TAMNA 2162     ,16000,2800000,500000
83,Orah Sicilija37755BS,19000,2800000,430000
84,SVJETLO SIVI 2112   ,19000,2790000,490000
85,HR MOCVARNI 37717A  ,19000,1601000,486000
86,Hem Barrique 34034SV,19000,2180000,850000
87,Hr Kristal 34217RV  ,19000,2800000,530000
88,Hr Tabbacco K4334AW ,19000,2800000,1090000
89,SIVA TAMNA 2162     ,19000,1700000,640000
90,Wenge Gondou 37710BS,19000,2800000,640000
91,Javor Class 34047NM ,19000,2330000,500500
92,Hr Alp Kamen K4326AW,19000,2800000,1291500
93,BIJELI GL 1500S     ,19000,1590000,850000
94,BIJELI NK 1500P     ,19000,2070000,820000
95,Hr Kristal 34217RV  ,19000,2800000,1030000
96,Smreka Barth K4338AT,19000,2480000,500000
97,WENGE ZANZIBAR 37651,19000,2800000,988000
98,HRAST 34136R NATUR  ,19000,1305500,533000
99,DIJAMANT GOD 1570SU ,19000,2800000,411000
100,Hr Marcato K4337AW  ,19000,2800000,857000
101,Krist Bijela 27018DP,19000,2620000,900000
102,HRAST MOCV 37717 AT ,19000,2800000,500000
103,HRAST TERRA 34137R  ,19000,2800000,710500
104,Basalt 2166PE       ,19000,1080500,2070000
105,Njezno Zelen 27178BS,19000,2800000,750500
106,Hr Sono Svje 34038AT,19000,2800000,430000
107,BIJELI GOD FUNDER   ,19000,2800000,440000
108,SVJETLO SIVI 2112   ,19000,2800000,1400000
109,BIJELI GL 1500S     ,19000,2800000,450500
110,TRESNJA  ACCO 39345 ,19000,2800000,1336000
111,PINK FUNDER 51FH    ,19000,2800000,700000
112,Njezno Zelen 27178BS,19000,2000000,595500
113,ARTIC W SJAJ 606SG  ,19000,695000,2050000
114,SLJIVA 37771        ,19000,2800000,456500
115,SIVA TAMNA 2162     ,16000,2800000,697000
117,Kasmir 27049BS      ,19000,2130000,600000
118,BIJELI SJAJ 17005G  ,19000,2800000,700000
119,BIJELI GL 1500S     ,19000,1670000,1050000
120,BIJELA 01630 NK     ,18000,1600000,450000
121,HRAST AMAZONA 37713 ,19000,2218500,670000
122,BIJELI NK 1500P     ,19000,2070000,1350000
123,0595FH PACIFIC      ,19000,2800000,630000
124,BIJELI NK 1500P     ,16000,2800000,460000
125,PINK FUNDER 51FH    ,19000,2080000,700000
126,BIJELI SJAJ 17005G  ,19000,2800000,730000
127,CHILI CRVENA 27113  ,19000,2800000,720000
128,HRAST PJESCANI 37849,19000,1500000,500000
129,BIJELI 1615 FH FUND ,19000,2820000,1370500
130,HRAST BRONCA 34141  ,19000,2800000,470000
131,HRAST 34136R NATUR  ,19000,2800000,640000
132,SLONOVACA 2514      ,19000,2070000,1100000
133,Hr Mocca K4336NM    ,19000,2800000,510000
134,MAHAGONIJ 3753      ,19000,1420000,610000
135,AHORN MURNAU 3306   ,19000,2630000,600000
136,Hem Barrique 34034SV,19000,2800000,1140000
137,Tr Cremona 37740NM  ,19000,2800000,468500
138,BUKVA 3381          ,19000,1630500,600000
139,0052SG Tend Violet  ,19000,2000000,790000
140,BIJELA 01630 NK     ,18000,2070000,490000
141,Hr Mongori 37745AT  ,19000,2800000,820000
142,MCR 5881            ,19000,2070000,600000
143,BIJELI NK 1500P     ,19000,2070000,640000
144,SIVI NK 2191        ,19000,2800000,1260000
145,Orah Sicilija37755BS,19000,1710000,870000
146,Bor Kodiak 34308AT  ,19000,2050000,500000
147,Oksid 34321DP       ,19000,2800000,790000
148,BIJELI NK 1500P     ,18000,2070000,850000
149,DIJAMANT 1570       ,19000,1516000,530500
150,BIJELA 01630 NK     ,18000,2800000,637000
151,Hr Sono Svje 34038AT,19000,2800000,620000
152,HRAST 34136R NATUR  ,19000,2420000,450000
153,AHORN MURNAU 3306   ,19000,2800000,980000
155,MAGNOLIJA GOD 2507SU,19000,2800000,731000
158,BIJELI NK 1500P     ,18000,2070000,850000
159,HRAST NATUR GR 37511,19000,2800000,830000
160,BIJELI 1615 FH FUND ,19000,2070000,980000
161,HRAST TERRA 34137R  ,19000,2800000,1300000
162,BIJELI 1615 FH FUND ,19000,2070000,850000
163,TITAN 5853          ,19000,2800000,810500
164,ARTIC W SJAJ 606SG  ,19000,1680000,850000
165,WENGE NAIROBI 37648 ,19000,1370000,970000
166,HR MOCVARNI 37717A  ,19000,2384000,716000
167,HR MOCVARNI 37717A  ,19000,2800000,800000
168,BIJELI GL 1500S     ,19000,2070000,750000
169,CRVENA 2149         ,19000,2800000,640000
170,Javor Class 34047NM ,19000,2010000,570000
171,SIVI NK 2191        ,16000,2070000,400000
172,CRVENA 2149         ,19000,2800000,640000
173,BIJELI GL 1500S     ,19000,2070000,980000
174,HR MOCVARNI 37717A  ,19000,2800000,800000
175,BRIJEST 37965       ,19000,2186000,1119000
176,Wenge Gondou 37710BS,19000,2800000,530000
177,CRVENA 2149         ,19000,2800000,640000
178,ZUTA 2134           ,19000,2178500,516500
179,HRAST PJESCANI 37849,19000,580000,2070000
180,MASLINA 37762       ,19000,2800000,488000
181,CRVENA 2149         ,19000,2800000,640000
182,MDF BIJELI          ,19000,2650000,456500
183,JAVOR CORE 37776    ,19000,2800000,650000
184,CRVENA 2149         ,19000,2800000,640000
185,Hr Marcato K4337AW  ,19000,2800000,1030000
186,1300SG Sjaj Aluminij,19000,1598000,468000
187,ARTIC W SJAJ 606SG  ,19000,2800000,865500
189,BIJELA 01630 NK     ,18000,2070000,496000
190,SIVI NK 2191        ,19000,2320000,790000
191,CRVENA 2149         ,19000,1620000,670000
192,Cobalt 26299BS      ,19000,2800000,510000
193,Coco Bolo 38995AT   ,19000,2800000,596500
194,Hr Mongori 37745AT  ,19000,2800000,780000
195,Robinia Bat K4329AW ,19000,2800000,410000
196,Hr Prirodni 37307PR ,19000,1780000,550000
197,ZELENA MAMBA 27190  ,19000,2800000,850000
198,AHORN MURNAU 3306   ,19000,2800000,1210000
199,CRNA SJAJ FUNDER    ,19000,1880000,450000
200,Kasmir 27049BS      ,19000,2070000,760000
201,AMOUK 38543         ,19000,1560000,530500
202,SIVI NK 2191        ,19000,2070000,730000
203,Hr Alp Snjez K4325AW,19000,2616000,562000
204,HRAST CLASSIC 34140 ,19000,2800000,840000
205,Cobalt 26299BS      ,19000,2800000,900000
207,Cobalt 26299BS      ,19000,1850000,1100000
208,BIJELI GL 1500S     ,19000,1770000,1010000
209,Tr Cremona 37740NM  ,19000,2800000,1250500
210,Hr Quartz K4324SE   ,19000,1490000,490000
211,Hr Sono Gom 37855AW ,19000,2800000,1306000
212,Hr Sono Svje 34038AT,19000,1380000,480000
213,Jasen Nord K4343NM  ,19000,2800000,450000
214,0595FH PACIFIC      ,19000,2270000,480000
215,PLANINSKI BOR FUNDER,19000,2820000,1090000
216,Hr Pijesak K4333AW  ,19000,1380000,480000
217,Hem Trobeli 34033SV ,19000,2800000,450000
218,0077SG Sjaj Grafit  ,19000,2050000,800000
219,DIJAMANT GOD 1570SU ,19000,1320000,510000
220,0077SG Sjaj Grafit  ,19000,2050000,800000
221,DIJAMANT 1570       ,19000,2800000,586000
222,WENGE NAIROBI 37648 ,19000,2800000,850000
223,ARTIC W SJAJ 606SG  ,19000,2800000,626000
224,AK 18 OBOS VINO     ,18000,2303000,1300000
225,JAVOR CORE 37776    ,19000,2800000,685500
226,Lavanda 28536BS     ,19000,1415000,1698500
227,HRAST AMAZONA 37713 ,19000,2800000,1000000
228,DIJAMANT 1570       ,19000,413500,2070000
229,Krist Bijela 27018DP,19000,2180000,550000
230,CRVENA 2149         ,19000,1620000,670000
231,DIJAMANT 1570       ,19000,2520000,458000
232,TRESNJA  ACCO 39345 ,19000,1800000,500000
233,CRNA SJAJ FUNDER    ,19000,2050000,780000
234,0080MR Crni god     ,19000,1840000,580000
235,Bijeli God 1101AW   ,19000,1360000,450000
236,BIJELI NK 1500P     ,19000,2070000,800000
237,Javor Class 34047NM ,19000,1370000,570000
238,HRAST AMAZONA 37713 ,19000,2800000,1000000
239,CRNA SJAJ FUNDER    ,19000,2050000,780000
242,Hem Barrique 34034SV,19000,2130500,453000
243,BUKVA 3381          ,19000,2800000,411500
244,BIJELI GL 1500S     ,19000,1776000,430000
245,HRAST 34139 PJESCANI,19000,2800000,820000
246,VIOLA 27167         ,19000,2064500,448000
247,Basalt 2166PE       ,19000,1780000,900000
248,Tik Makalo K4342RM  ,19000,2220000,430000
250,Robinia Bat K4329AW ,19000,2800000,1400000
251,Hr Sono Svje 34038AT,19000,1820000,700000
254,BIJELI GL 1500S     ,19000,2800000,500000
255,JASEN KAMENI 34056SU,19000,2800000,750000
256,Hr Prirodni 37307PR ,19000,2800000,810000
257,HRAST 34139 PJESCANI,19000,1640000,970000
258,TITAN 5853          ,19000,1580500,800000
259,CHAMPAGNE 27045     ,19000,2470000,480000
260,SIVA TAMNA 2162     ,19000,2070000,920000
262,BIJELI GL 1500S     ,19000,1206000,2070000
263,BIJELI GL 1500S     ,19000,2800000,1115000
264,BIJELA 01630 NK     ,18000,1695000,1012000
265,VIOLA 27167         ,19000,1740000,450000
266,CRNI NK 2190P       ,19000,2070000,1200000
267,CRNI NK 2190P       ,19000,2070000,400000
268,Oksid 34321DP       ,19000,2800000,590000
269,HRAST PJESCANI 37849,19000,580000,2070000
270,BIJELI NK 1500P     ,16000,1389000,2070000
271,MCR 5881            ,19000,1190500,2070000
272,ARTIC W SJAJ 606SG  ,19000,2800000,946000
273,BIJELI GL 1500S     ,19000,2070000,880000
274,0595FH PACIFIC      ,19000,1350000,795000
275,TAUPE GOD 27166SU   ,19000,2100000,1070000
276,BIJELI NK 1500P     ,19000,2070000,1120000
277,BIJELI GL 1500S     ,19000,1900000,890000
278,SIVI NK 2191        ,16000,2800000,1400000
279,Hr Prirodni 37307PR ,19000,2800000,1180000
280,HRAST DIVLJI 38932  ,19000,2800000,530000
303,Hr Tabbacco K4334AW ,19000,2270000,840000
304,PIJESAK 2515        ,19000,1585000,400000
305,DIJAMANT 1570       ,19000,2070000,1080000
306,0080MR Crni god     ,19000,1915500,470000
307,Hr Mongori 37745AT  ,19000,2800000,430000
308,BIJELI NK 1500P     ,19000,1680000,450000
309,HR MOCVARNI 37717A  ,19000,1960000,580000
310,JASEN KAMENI 34056SU,19000,2340000,580000
311,BIJELI NK 1500P     ,19000,2800000,496500
312,MAGNOLIJA GOD 2507SU,19000,1970000,950000
313,BUKVA 3876          ,19000,2800000,590000
314,MCR 5881            ,19000,1420500,720000
315,HRAST CLASSIC 34140 ,19000,2800000,540000
316,Hr Alp Snjez K4325AW,19000,2800000,740000
317,Hr Alp Snjez K4325AW,19000,2800000,740000
318,BIJELI GL 1500S     ,19000,2070000,490000
319,Hr Tabbacco K4334AW ,19000,2800000,680000
320,Bor Kodiak 34308AT  ,19000,2800000,450500
321,BIJELI 1615 FH FUND ,19000,1800000,950000
322,Hem Arktique 34092SV,19000,2800000,460000
323,BRIJEST LAVA 34055  ,19000,2800000,1390000
324,LAVANDA 27187       ,19000,2070000,420000
325,ZELENA MAMBA 27190  ,19000,1610000,950000
326,OCEAN 20245         ,19000,2500000,990000
327,Hr Alp Snjez K4325AW,19000,2800000,830000
328,PLANINSKI BOR FUNDER,19000,1657500,478000
330,Njezno Zelen 27178BS,19000,2380000,760000
331,BIJELI 1615 FH FUND ,19000,2070000,550000
332,BIJELA 01630 NK     ,18000,2120000,940000
333,0210SG Sjaj Crveni  ,19000,2800000,592000
334,DIJAMANT 1570       ,19000,2070000,960000
335,Hr Sono Svje 34038AT,19000,2800000,1050000
336,BIJELI GL 1500S     ,19000,2070000,590000
337,BIJELI NK 1500P     ,19000,1790000,840000
338,Krist Bijela 27018DP,19000,2800000,800000
339,Wenge Gondou 37710BS,19000,1610000,1000000
340,HRAST PJESCANI 37849,19000,400000,2070000
341,RUBY CRVENI 318FH   ,19000,2800000,780000
342,Bor Kodiak 34308AT  ,19000,2800000,1020000
344,Limun Zeleni 25519BS,19000,2390000,690000
345,HRAST NATUR GR 37511,19000,2800000,870000
346,Platin Sivi 27193PE ,19000,2070000,940000
347,LAVARE 37744        ,19000,2410000,520000
348,0077SG Sjaj Grafit  ,19000,2050000,590000
349,SLONOVACA 2514      ,19000,2070000,1040000
350,LAVANDA 27187       ,19000,2070000,490000
351,HRAST TOBACCO 34138R,19000,2800000,786000
352,ARTIC W SJAJ 606SG  ,19000,1480000,880000
353,Krist Bijela 27018DP,19000,2800000,1000000
354,VIOLET PLAVI 27186  ,19000,1600000,400000
355,0650SG Sjaj Limun   ,19000,1450000,760000
356,Hr Prirodni 37307PR ,19000,2800000,1179500
357,BIJELI GOD FUNDER   ,19000,2820000,530000
358,BIJELI 1615 FH FUND ,19000,2800000,660000
359,Skin 20240NM        ,19000,600000,1690500
360,0315SG Sjaj Krem    ,19000,2800000,760000
361,MASLINA 37762       ,19000,2800000,570000
362,Oksid 34321DP       ,19000,2800000,483500
363,Smreka Barth K4338AT,19000,2800000,816000
364,BIJELI 1615 FH FUND ,19000,2070000,820000
365,BIJELI NK 1500P     ,16000,2800000,1374000
366,SVJETLO SIVI 2112   ,19000,2070000,620000
367,Njezno Zelen 27178BS,19000,1945500,550000
368,PLANINSKI BOR FUNDER,19000,1720000,410000
369,RUBY CRVENI 318FH   ,19000,2820000,800000
370,BIJELI GOD FUNDER   ,19000,2080000,600000
371,CRNA SJAJ FUNDER    ,19000,1880000,600000
372,BIJELI GOD FUNDER   ,19000,2820000,501500
373,Bor Cottage K4347AT ,19000,1961000,700000
374,0504PO Mahagonij    ,19000,2820000,510000
375,Jasen Nord K4343NM  ,19000,2800000,450000
376,0504PO Mahagonij    ,19000,2820000,490000
377,SLON SJAJ FUNDER    ,19000,2800000,750000
378,0504PO Mahagonij    ,19000,2160000,890000
379,CRVENA SJAJ 2701    ,19000,2070000,900000
380,Hr Alp Kamen K4326AW,19000,2800000,650500
381,Hr Kristal 34217RV  ,19000,2800000,400000
382,SIVA TAMNA 2162     ,19000,2800000,600000
383,JASEN COIMBRA 37777 ,19000,2800000,480000
384,Hr Alp Kamen K4326AW,19000,2573500,759000
385,Bor Kodiak 34308AT  ,19000,2800000,580000
386,BIJELI SJAJ 17005G  ,19000,2800000,860000
387,HRAST 34139 PJESCANI,19000,2800000,540000
388,ZELENA MAMBA 27190  ,19000,2070000,890000
389,BIJELI NK 1500P     ,16000,2800000,650000
390,HRAST SVJETLI  37307,19000,2250000,640000
392,SLONOVACA 2514      ,19000,1780000,510000
393,HRAST NATUR GR 37511,19000,2800000,1153500
394,HRAST CLASSIC 34140 ,19000,2800000,730000
395,0080MR Crni god     ,19000,1840000,580000
396,BIJELI 1615 FH FUND ,19000,2070000,820000
397,CHILI CRVENA 27113  ,19000,1560000,1080000
399,SLON SJAJ FUNDER    ,19000,2800000,550000
400,Hem Barrique 34034SV,19000,2800000,520000
401,JASEN COIMBRA 37777 ,19000,2290000,560000
402,DIJAMANT GOD 1570SU ,19000,2180000,560000
403,BIJELI NK 1500P     ,19000,2188500,425000
404,SAVANA SMEDI 727SU  ,19000,2800000,1140000
405,Bor Kodiak 34308AT  ,19000,2800000,950000
406,AMBALAZA            ,19000,2800000,700500
407,Hr Alp Kamen K4326AW,19000,1962000,685500
408,0085SG Sjaj Bijela  ,19000,2800000,1220000
409,HEMLOCK N 34032SV   ,19000,2800000,730000
410,Basalt 2166PE       ,19000,2800000,630000
411,Bor Kodiak 34308AT  ,19000,2800000,740000
412,Hr Tabbacco K4334AW ,19000,2800000,720000
413,BUKVA 3876          ,19000,1460000,520000
414,HRAST PLATIN 37728  ,19000,2800000,950000
415,Limun Zeleni 25519BS,19000,2070000,870000
416,SVJETLO SIVI 2112   ,19000,2260000,490000
417,BIJELI SJAJ 17005G  ,19000,2050000,1400000
418,WENGE ZANZIBAR 37651,19000,1780500,522000
419,Cobalt 26299BS      ,19000,2135500,545000
420,0650SG Sjaj Limun   ,19000,2390000,1220000
421,HRAST MOCV 37717 AT ,19000,2800000,1151000
422,HRAST 34139 PJESCANI,19000,2800000,1200000
423,Jasen Nord K4343NM  ,19000,2800000,450000
424,BRIJEST LAVA 34055  ,19000,2800000,1400000
425,Basalt 2166PE       ,19000,2060000,820000
426,BUKVA 3381          ,19000,1700500,403000
427,Hr Marcato K4337AW  ,19000,2800000,770000
428,SLONOVACA 2514      ,19000,1560000,680000
429,Hr Marcato K4337AW  ,19000,2800000,770000
430,CHILI CRVENA 27113  ,19000,2070000,1100000
431,ORANGE 27121        ,19000,2070000,1000000
432,AMOUK 38543         ,19000,2800000,400000
433,MCR 5881            ,19000,2070000,1200000
435,Limun Zeleni 25519BS,19000,1760000,530000
436,Bijeli God 1101AW   ,19000,2170000,410000
437,SLJIVA 37771        ,19000,2800000,410000
438,BRIJEST 37965       ,19000,2800000,1290000
439,RUBY CRV SJAJ 318SG ,19000,1400000,840000
440,HRAST AMAZONA 37713 ,19000,2800000,1230000
441,RUBY CRVENI 318FH   ,19000,2800000,781000
442,BEIGE GOD 27049SU   ,19000,2800000,700000
443,Orah Zarrel K4327NM ,19000,2800000,1080000
444,Hr Tabbacco K4334AW ,19000,2070000,850000
445,BIJELI NK 1500P     ,19000,1280500,2070000
446,Jasen Nord K4343NM  ,19000,2800000,450000
447,BIJELI SJAJ 17005G  ,19000,2800000,1110500
448,LAVANDA 27187       ,19000,2070000,900000
449,BIJELI NK 1500P     ,19000,2800000,803000
451,Hr Prirodni 37307PR ,19000,1960000,990000
452,ORAH ZINGARO 37458  ,19000,2800000,700000
453,Hr Alp Kamen K4326AW,19000,2220000,690000
454,BIJELI 1630 FH FUND ,19000,2460000,670000
455,ORAH ZINGARO 37458  ,19000,2800000,730000
456,Mah.Sapeli 37489 BS ,19000,2800000,540000
457,Wenge Gondou 37710BS,19000,2080000,700000
458,Hr Alp Snjez K4325AW,19000,2800000,920000
459,0080MR Crni god     ,19000,2820000,560000
460,0085SG Sjaj Bijela  ,19000,1550000,960000
461,Hr Tabbacco K4334AW ,19000,1640000,720000
462,Hr Mongori 37745AT  ,19000,2800000,460000
463,AHORN MURNAU 3306   ,19000,1860000,570000
464,MASLINA 37762       ,19000,2070000,830000
465,CABANA 27165BS      ,19000,1650000,1100000
466,Jasen Nord K4343NM  ,19000,2800000,696500
467,0085SG Sjaj Bijela  ,19000,1355500,2050000
468,BIJELI GL 1500S     ,19000,2060000,1070000
469,SLON SJAJ FUNDER    ,19000,2800000,982000
470,SLJIVA 37771        ,19000,1630000,460000
471,SVJETLO SIVI 2112   ,19000,2800000,460000
472,HRAST CLASSIC 34140 ,19000,2070000,530000
473,JELA 3396           ,19000,2800000,1230000
474,HEMLOCK N 34032SV   ,19000,2800000,750000
475,Hr Quartz K4324SE   ,19000,2800000,800000
476,Bor Kodiak 34308AT  ,19000,2800000,970000
477,MAGNOLIJA GOD 2507SU,19000,2560000,1320000
478,ORAH ZINGARO 37458  ,19000,1910000,420000
479,BEIGE CRY 27049DC   ,19000,1730000,490000
480,HRAST MOCV 37717 AT ,19000,2800000,420000
481,BIJELI GOD 1101AT   ,19000,2800000,448500
482,AMOUK 38543         ,19000,2800000,1030000
483,BUKVA 3381          ,19000,2800000,550000
484,ARTIC W SJAJ 606SG  ,19000,2080000,480000
485,PINK FUNDER 51FH    ,19000,2070000,1350000
486,VIOLA 27167         ,19000,2800000,1400000
487,Hr Tabbacco K4334AW ,19000,1810000,670000
488,Hem Arktique 34092SV,19000,2800000,1360000
489,AMOUK 38543         ,19000,2800000,1200000
490,CHILI CRVENA 27113  ,19000,2070000,800000
491,Bijeli God 1101AW   ,19000,2800000,1090000
492,BIJELI NK 1500P     ,19000,963500,2070000
493,CRNA SJAJ FUNDER    ,19000,2080000,960000
495,Vanilija 27123 NM   ,19000,2800000,1410000
496,BIJELI SJAJ 17005G  ,19000,2096000,1242000
497,CABANA 27165BS      ,19000,1360000,500000
498,TITAN 5853          ,19000,970000,1750000
499,Hr Quartz K4324SE   ,19000,2800000,770000
500,ORAH CALABRIA 37754 ,19000,2800000,1140000
501,ORANGE 27121        ,19000,1500000,480000
502,Cobalt 26299BS      ,19000,2800000,1340000
503,BIJELI NK 1500P     ,19000,2800000,702500
504,Hem Barrique 34034SV,19000,1410000,1970000
506,BIJELI 1615 FH FUND ,19000,1750000,1250000
507,ORANGE 27121        ,19000,2800000,646000
508,ZUTA 2134           ,19000,487000,2020000
509,Limun Zeleni 25519BS,19000,2070000,870000
510,ORANGE 27121        ,19000,1620000,670000
511,Tik Makalo K4342RM  ,19000,2800000,784000
512,COKOLADA TAMNA 27181,19000,1560000,580000
513,BREZA TAIGA 37737   ,19000,2800000,578500
514,Hr Mocca K4336NM    ,19000,2800000,1320000
515,BIJELI SJAJ 17005G  ,19000,2800000,1030500
516,MCR 5881            ,19000,2070000,1270000
517,PLAVI II 2125       ,19000,1410000,1050000
518,ZUTA 2134           ,19000,2070000,1400000
519,Hr Mongori 37745AT  ,19000,2800000,1210000
520,AMBALAZA            ,19000,576000,1350000
521,Hr Mongori 37745AT  ,19000,2800000,750000
522,DIJAMANT 1570       ,19000,2070000,950000
523,Skin 20240NM        ,19000,2800000,640000
524,VIOLET PLAVI 27186  ,19000,2800000,850000
525,HRAST 34136R NATUR  ,19000,1472000,500000
526,0085SG Sjaj Bijela  ,19000,2800000,455500
527,BRIJEST LAVA 34055  ,19000,2080000,920000
528,Tik Makalo K4342RM  ,19000,2440500,436000
529,HRAST TOBACCO 34138R,19000,2270000,410000
530,SIVA TAMNA 2162     ,19000,1870000,1350000
531,LAVANDA 27187       ,19000,2800000,570000
532,BIJELI NK 1500P     ,16000,2800000,550500
533,Kasmir 27049BS      ,19000,2800000,1350000
534,Jasen Nord K4343NM  ,19000,2800000,646000
535,SIVA TAMNA 2162     ,19000,1580500,500000
536,Hr Mocca K4336NM    ,19000,1500000,580000
537,0650SG Sjaj Limun   ,19000,1740000,670000
538,0085SG Sjaj Bijela  ,19000,2050000,500000
539,TRESNJA  ACCO 39345 ,19000,1420000,540000
540,Vanilija 27123 NM   ,19000,1800000,550000
541,LAVANDA 27187       ,19000,1540000,940000
542,Hem Trobeli 34033SV ,19000,2800000,960000
543,Jasen Nord K4343NM  ,19000,2800000,450000
544,Svj Plava 27179BS   ,19000,2070000,700000
545,ARTIC W SJAJ 606SG  ,19000,1360000,1200000
546,MASLINA 37762       ,19000,2800000,860000
547,HRAST CLASSIC 34140 ,19000,2280000,510000
548,Hr Pijesak K4333AW  ,19000,2800000,750500
549,TAUPE GOD 27166SU   ,19000,2800000,750000
550,Hr Pijesak K4333AW  ,19000,2800000,750500
551,Bor Kodiak 34308AT  ,19000,2800000,590000
552,Hr Pijesak K4333AW  ,19000,2800000,750500
553,Smreka Barth K4338AT,19000,2050000,470000
554,Hr Marcato K4337AW  ,19000,2800000,730000
555,ARTIC W SJAJ 606SG  ,19000,1360000,1200000
556,Skin 20240NM        ,19000,2070000,750000
557,Hem Trobeli 34033SV ,19000,1400500,580000
558,HRAST DIVLJI 38932  ,19000,950000,2070000
559,ARTIC W SJAJ 606SG  ,19000,1360000,1200000
560,HR AMAZ LIGHT 37746 ,19000,2800000,480000
561,BIJELI GL 1500S     ,19000,2800000,530000
562,MCR 5881            ,19000,2800000,500000
563,LAVARE 37744        ,19000,1490000,670000
564,Hem Arktique 34092SV,19000,2800000,680000
565,JASEN COIMBRA 37777 ,19000,2100000,700000
566,DIJAMANT GOD 1570SU ,19000,1830000,510000
567,0504PO Mahagonij    ,19000,2800000,500000
568,CRNI GOD 2190AT     ,19000,2070000,780000
569,LAVANDA 27187       ,19000,2070000,950000
570,JASEN COIMBRA 37777 ,19000,2800000,510000
571,1300SG Sjaj Aluminij,19000,2050000,490000
572,HRAST MOCV 37717 AT ,19000,2800000,410000
573,Njezno Zelen 27178BS,19000,2300000,1030000
574,HRAST 34136R NATUR  ,19000,1580000,540000
575,CHILI CRVENA 27113  ,19000,2800000,791500
576,BIJELI NK 1500P     ,19000,2070000,530000
577,Hr Quartz K4324SE   ,19000,2800000,700000
579,CRNI NK 2190P       ,19000,2800000,500000
580,BIJELI NK 1500P     ,19000,2070000,820000
581,CAPP SJAJ 0319 SG   ,19000,1880000,900000
582,LAVARE 37744        ,19000,1350000,540000
583,Hr Pijesak K4333AW  ,19000,2800000,1400000
584,PINK FUNDER 51FH    ,19000,2070000,1120000
585,Hem Sahara 34313SV  ,19000,2180000,630000
586,AMOUK 38543         ,19000,2800000,510000
587,LAVARE 37744        ,19000,2800000,723500
588,Jasen Nord K4343NM  ,19000,2800000,760000
589,DIJAMANT GOD 1570SU ,19000,2400000,580000
590,BIJELI SJAJ 17005G  ,19000,2800000,1030500
591,BIJELI NK 1500P     ,18000,2070000,490000
592,Robinia Bat K4329AW ,19000,1300000,510000
593,Limun Zeleni 25519BS,19000,1400000,670000
594,Hr Tabbacco K4334AW ,19000,2800000,1141500
595,Vanilija 27123 NM   ,19000,2800000,1400000
596,LAVANDA 27187       ,19000,1550000,780000
597,WENGE ZANZIBAR 37651,19000,1870000,1030000
598,JASMIN 2541         ,19000,2800000,555000
599,DIJAMANT GOD 1570SU ,19000,2510000,400000
600,BIJELI GOD 1101AT   ,19000,2820000,510000
601,JASEN COIMBRA 37777 ,19000,2140000,480000
602,Hr Sono Svje 34038AT,19000,2800000,430000
603,Orah Zarrel K4327NM ,19000,2800000,1051500
604,Njezno Zelen 27178BS,19000,2800000,510000
605,JASMIN 2541         ,19000,1710000,920000
606,Hr Quartz K4324SE   ,19000,2800000,1230000
607,SVJETLO SIVI 2112   ,19000,714000,2070000
608,Smreka Barth K4338AT,19000,2800000,1020000
609,AK 18 JEDNOST BIJELI,18000,1280500,1300000
610,Hr Tabbacco K4334AW ,19000,2800000,810000
611,ZELENA MAMBA 27190  ,19000,2070000,1280000
613,ARTIC W SJAJ 606SG  ,19000,2800000,876000
614,ORANGE 27121        ,19000,1620000,670000
615,LAVANDA 27187       ,19000,2070000,510000
616,HRAST 34136R NATUR  ,19000,1305500,533000
617,BIJELI NK 1500P     ,19000,1540000,1110000
618,Wenge Gondou 37710BS,19000,2800000,520000
619,AHORN 3375          ,19000,2800000,790000
620,RP Prirodni Kamen 60,38000,1380000,600000
621,RP HRAST MOCVARNI 60,38000,1306000,600000
622,RP Bor Cottage 60   ,38000,1290000,600000
623,RP Hr Chalet 60     ,38000,1000000,600000
624,RP Krist Bijela 60  ,38000,1400000,600000
625,RP Krist Bijela 60  ,38000,1370000,600000
626,RP LACANO 60        ,38000,1110000,600000
627,RP Smreka Barth 60  ,38000,1020000,600000
628,RP Hr Chalet 60     ,38000,1479000,600000
629,RP TURMALIN 60      ,38000,1580000,600000
630,RP BIJELA SJAJ 60   ,38000,1350000,600000
631,RP Torr Antracit 60 ,38000,1200000,600000
632,RP HRAST MOCVARNI 60,38000,1000000,600000
633,RP TURMALIN 60      ,38000,1585500,600000
634,RP BIJELA NK 60     ,38000,1070000,600000
635,RP Torr Antracit 60 ,38000,1140000,600000
636,RP Hr Sanr Pjesc 60 ,38000,1190000,600000
637,RP MOCCA 60         ,38000,1320000,600000
638,RP HRAST MOCVARNI 60,38000,1510000,600000
639,RP Robinia Battis 60,38000,1030000,600000
640,RP WENGE NAIROBI 60 ,38000,1600000,600000
641,RP Krist Bijela 60  ,38000,1100000,600000
642,RP NUT BUTCHER 60   ,38000,1500000,600000
643,RP BIJELA NK 60     ,38000,1000000,600000
644,RP BIJELA NK 60     ,38000,1090000,600000
645,RP TURMALIN 60      ,38000,1530000,600000
646,RP ARDESIA 3953 60  ,38000,1370000,600000
647,RP Hr Sonoma Svj 60 ,38000,1090000,600000
648,RP TURMALIN 60      ,38000,1260000,600000
649,RP Titan 60         ,38000,1200000,600000
650,RP Torr Antracit 60 ,38000,1000000,600000
651,RP CASABLANCA 60    ,38000,1630000,600000
652,RP Hr Quartz 60     ,38000,1080000,600000
653,RP CYANITE 60       ,38000,1150000,600000
654,RP Hr Quartz 60     ,38000,1170000,600000
655,RP BIJELA NK 60     ,38000,1340000,600000
656,RP Granit Light 60  ,38000,1385500,600000
657,RP GRAINY WEISS 60  ,38000,1470000,600000
658,RP TURMALIN 60      ,38000,1585500,600000
659,RP Hr Quartz 60     ,38000,1580000,600000
660,RP WENGE 60         ,38000,1510000,600000
661,RP GRAINY WEISS 60  ,38000,1315500,600000
662,RP Prirodni Kamen 60,38000,1490000,600000
663,RP Amarelo rose DC60,38000,1580000,600000
664,RP Prirodni Kamen 60,38000,1690000,600000
665,RP Ravena Siva 60   ,38000,1640000,600000
666,RP ARDESIA 3953 60  ,38000,1670000,600000
667,RP Sjaj K Bijela 60 ,38000,1070000,600000
668,RP BIJELA NK 60     ,38000,1200000,600000
669,RP MRAMOR CRNI SJAJ ,38000,1250000,600000
670,RP ARCTIS 60        ,38000,1670000,600000
671,RP CYANITE 60       ,38000,1150000,600000
672,RP ARCTIS 60        ,38000,1380000,600000
673,RP HRAST MOCVARNI 60,38000,1560000,600000
674,RP NUT BUTCHER 60   ,38000,1660000,600000
675,RP Prirodni Kamen 60,38000,1560000,600000
676,RP WENGE 60         ,38000,1590000,600000
677,RP Hr Quartz 60     ,38000,1430000,600000
678,RP LACANO 60        ,38000,1470000,600000
679,RP CASABLANCA 60    ,38000,1480500,600000
680,RP Kamen 60         ,38000,1460000,600000
681,RP Hr Chalet 60     ,38000,1400000,600000
682,RP Mram De Mazi 60  ,38000,1500000,600000
683,RP Antracit 60      ,38000,1300000,600000
684,RP GRAINY WEISS 60  ,38000,1410000,600000
685,RP Krist Bijela 60  ,38000,1600000,600000
686,RP ARCTIS 60        ,38000,1670000,600000
687,RP Krist Bijela 60  ,38000,1360000,600000
688,RP BIJELA SJAJ 60   ,38000,1270000,600000
689,RP BORNEO SJ 0476 SG,38000,1530000,600000
690,RP CYANITE 60       ,38000,1670000,600000
691,RP Granit Light 60  ,38000,1380000,600000
692,RP Sjaj Sljiva 60   ,38000,1140000,600000
693,RP TABACCO 60       ,38000,1580000,600000
694,RP Beton MS 60      ,38000,1270000,600000
695,RP Ravena Siva 60   ,38000,1633500,600000
696,RP SLONOVA KOST 60  ,38000,1280000,600000
697,RP Hr Sonoma Svj 60 ,38000,1680000,600000
698,RP TABACCO 60       ,38000,1610000,600000
699,RP HRAST MOCVARNI 60,38000,1408500,600000
700,RP ARCTIS 60        ,38000,1620000,600000
701,RP Prirodni Kamen 60,38000,1500000,600000
702,RP TURMALIN 60      ,38000,1640000,600000
703,RP BIJELA SJAJ 60   ,38000,1230000,600000
704,RP Beton MS 60      ,38000,1510000,600000
705,RP Antracit 60      ,38000,1580000,600000
706,RP Oksid 60         ,38000,1000000,600000
707,RP Sjaj K Bijela 60 ,38000,1250000,600000
708,RP SLONOVA KOST 60  ,38000,1240000,600000
709,RP ARCTIS 60        ,38000,1240000,600000
710,RP ARCTIS 60        ,38000,1280000,600000
712,RP CARARA 60        ,38000,1300000,600000
713,RP Prirodni Kamen 60,38000,1680500,600000
714,RP Hr Chalet 60     ,38000,1480000,600000
715,RP AMARELO ROSE 60  ,38000,1600000,600000
716,RP TABACCO 60       ,38000,1400000,600000
717,RP Mram De Mazi 60  ,38000,1350000,600000
718,RP MRAMOR CRNI SJAJ ,38000,1350000,600000
719,RP Smreka Barth 60  ,38000,1210000,600000
720,RP Kamen 60         ,38000,1480500,600000
721,RP Bor Cottage 60   ,38000,1270000,600000
722,RP Hr Chalet 60     ,38000,1370000,600000
723,RP NUT BUTCHER 60   ,38000,1680000,600000
724,RP MRAM ASTRATO 60  ,38000,1210000,600000
725,RP Beton ART 60     ,38000,1200000,600000
726,RP LACANO 60        ,38000,1600000,600000
727,RP ARDESIA 3953 60  ,38000,1430000,600000
728,RP BIJELA NK 60     ,38000,1460000,600000
729,RP HRAST MOCVARNI 60,38000,1520000,600000
730,RP Bor Laramie 60   ,38000,1090000,600000
731,RP BUKVA 3381 60    ,38000,1220000,600000
732,RP ARCTIS 60        ,38000,1610000,600000
733,RP Hr Chalet 60     ,38000,1050000,600000
734,RP TURMALIN 60      ,38000,1630000,600000
735,RP TABACCO 60       ,38000,1485000,600000
736,RP BIJELA NK 60     ,38000,1300000,600000
737,RP Bor Laramie 60   ,38000,1480000,600000
738,RP SAHARA 60        ,38000,1310000,600000
740,RP Bukva Stadt 60   ,38000,1190000,600000
741,RP MOCCA 60         ,38000,1469000,600000
742,RP Beton MS 60      ,38000,1480000,600000
743,RP Krist Bijela 60  ,38000,1200000,600000
744,RP MRAM UMBRIA 60   ,38000,1160000,600000
745,RP BUKVA 3381 60    ,38000,1070000,600000
746,RP ARCTIS 60        ,38000,1590000,600000
747,RP LACANO 60        ,38000,1240000,600000
748,RP CASABLANCA 60    ,38000,1160000,600000
749,RP ARDESIA 3953 60  ,38000,1460000,600000
750,RP WENGE NAIROBI 60 ,38000,1660000,600000
752,RP CYANITE 60       ,38000,1600000,600000
753,RP Prirodni Kamen 60,38000,1490000,600000
754,RP Sjaj Carrara 60  ,38000,1090000,600000
755,RP Sjaj Sljiva 60   ,38000,1120000,600000
756,RP Mram De Mazi 60  ,38000,1530000,600000
757,RP CASABLANCA 60    ,38000,1550000,600000
758,RP BIJELA SJAJ 60   ,38000,1920000,600000
759,RP HRAST MOCVARNI 60,38000,1890000,600000
760,RP TIBUR 60         ,38000,1790000,600000
761,RP Hr Chalet 60     ,38000,2080500,600000
762,RP WENGE NAIROBI 60 ,38000,1950000,600000
763,RP MRAMOR CRNI SJAJ ,38000,1790000,600000
764,RP AMARELO ROSE 60  ,38000,1735500,600000
765,RP BIJELA SJAJ 60   ,38000,1860000,600000
766,RP BIJELA SJAJ 60   ,38000,1970000,600000
767,RP Beton ART 60     ,38000,1985500,600000
768,RP LACANO 60        ,38000,2460000,600000
769,RP Sjaj Sljiva 60   ,38000,2435500,600000
770,RP Oksid 60         ,38000,2115500,600000
771,RP AMARELO ROSE 60  ,38000,2070000,600000
772,RP HRAST MOCVARNI 60,38000,1750000,600000
773,RP SAHARA 60        ,38000,1830000,600000
774,RP BIJELA SJAJ 60   ,38000,1760000,600000
775,RP Kamen 60         ,38000,1810500,600000
776,RP Bor Cottage 60   ,38000,2585500,600000
777,RP Sjaj Sahara 60   ,38000,1850500,600000
778,RP Hr Quartz 60     ,38000,1989500,600000
779,RP MRAMOR CRNI SJAJ ,38000,2050000,600000
780,RP BIJELA SJAJ 60   ,38000,1830000,600000
781,RP NUT BUTCHER 60   ,38000,2400000,600000
782,RP ARCTIS 60        ,38000,1750000,600000
783,RP TIBUR 60         ,38000,1885500,600000
784,RP Mram De Mazi 60  ,38000,2370000,600000
785,RP SAHARA 60        ,38000,1830000,600000
786,RP TABACCO 60       ,38000,1900000,600000
787,RP AMARELO ROSE 60  ,38000,1730000,600000
788,RP Hr Quartz 60     ,38000,1870000,600000
789,RP HRAST MOCVARNI 60,38000,2160000,600000
790,RP WENGE NAIROBI 60 ,38000,1885500,600000
791,RP Titan 60         ,38000,1930000,600000
792,RP Hr Sonoma Svj 60 ,38000,2070000,600000
793,RP TURMALIN 60      ,38000,1760000,600000
794,RP HRAST MOCVARNI 60,38000,1885500,600000
795,RP Torr Antracit 60 ,38000,1770000,600000
796,RP AMARELO ROSE 60  ,38000,2280000,600000
797,RP SAHARA 60        ,38000,2000000,600000
799,RP AMARELO ROSE 60  ,38000,1830000,600000
800,RP Antracit 60      ,38000,2340000,600000
801,RP Antracit 60      ,38000,1860000,600000
802,RP MRAM ASTRATO 60  ,38000,1885500,600000
803,RP Kamen 60         ,38000,2100000,600000
804,RP CYANITE 60       ,38000,1900000,600000
805,RP Ravena Siva 60   ,38000,1730500,600000
806,RP HRAST MOCVARNI 60,38000,2080000,600000
807,RP BIJELA SJAJ 60   ,38000,2300000,600000
808,RP CASABLANCA 60    ,38000,1950000,600000
809,RP MRAM ASTRATO 60  ,38000,2200000,600000
810,RP SAHARA 60        ,38000,1830000,600000
811,RP SAHARA 60        ,38000,1830000,600000
813,RP Hr Quartz 60     ,38000,2000000,600000
814,RP Sjaj Crni mram 60,38000,1850000,600000
815,RP Krist Bijela 60  ,38000,1770000,600000
816,RP Hr Sanr Pjesc 60 ,38000,2340000,600000
817,RP BIJELA NK 60     ,38000,1890000,600000
818,RP MRAMOR CRNI SJAJ ,38000,2100000,600000
819,RP WENGE 60         ,38000,1720000,600000
820,RP Hr Sanr Pjesc 60 ,38000,1780000,600000
821,RP MRAM ASTRATO 60  ,38000,1730000,600000
822,RP MRAMOR CRNI SJAJ ,38000,1900000,600000
823,RP MRAM ASTRATO 60  ,38000,2170000,600000
824,RP SAHARA 60        ,38000,1870000,600000
825,RP Oksid 60         ,38000,1970000,600000
826,RP WENGE NAIROBI 60 ,38000,1935500,600000
827,RP ARDESIA 3953 60  ,38000,2000000,600000
828,RP BIJELA NK 60     ,38000,2090000,600000
829,RP BIJELA NK 60     ,38000,1890000,600000
830,RP ARDESIA 3953 60  ,38000,1700000,600000
831,RP Hr Denver 60     ,38000,2040000,600000
832,RP Mram De Mazi 60  ,38000,2320000,600000
833,RP TURMALIN 60      ,38000,1700000,600000
834,RP Bor Laramie 60   ,38000,1770000,600000
835,BIJELI 1615 FH FUND ,10000,2800000,910000
836,ARTIC W SJAJ 606SG  ,10000,2800000,630000
838,DIJAMANT 1570       ,10000,2800000,890000
839,SIVI NK 2191        ,10000,2800000,710000
840,WENGE ZANZIBAR 37651,10000,2800000,775000
841,WENGE ZANZIBAR 37651,10000,2800000,775000
842,BIJELI NK FUNDER    ,10000,2800000,920000
843,ARTIC W SJAJ 606SG  ,10000,2800000,830000
844,ARTIC W SJAJ 606SG  ,10000,2800000,830000
845,0085SG Sjaj Bijela  ,10000,2800000,740000
846,BIJELI 1615 FH FUND ,10000,2800000,970000
847,LAVARE 37744        ,10000,2800000,740000
848,SLON SJAJ FUNDER    ,10000,2800000,590000
849,BIJELI NK FUNDER    ,10000,2800000,840000
850,DIJAMANT 1570       ,10000,2800000,1030000
851,DIJAMANT 1570       ,10000,2800000,920000
852,AHORN MURNAU 3306   ,10000,2800000,510000
853,AHORN MURNAU 3306   ,10000,2800000,540000
854,0085SG Sjaj Bijela  ,10000,2800000,560000
855,DIJAMANT 1570       ,10000,2800000,660000
856,SLONOVACA 2514      ,10000,2800000,1030000
857,BIJELI NK FUNDER    ,10000,2800000,1030000
858,DIJAMANT 1570       ,10000,2800000,980000
859,BIJELI SJAJ 17005G  ,10000,2800000,420000
860,WENGE ZANZIBAR 37651,10000,2800000,976500
861,BIJELI 1615 FH FUND ,10000,2800000,910000
862,CRNA SJAJ FUNDER    ,10000,2800000,940000
863,DIJAMANT 1570       ,10000,2800000,562000
864,SIVI NK 2191        ,10000,2800000,1080000
865,BIJELI 1615 FH FUND ,10000,2820000,1014000
866,HRAST AMAZONA 37713 ,10000,2800000,1030000
867,BIJELI NK FUNDER    ,10000,2820000,925500
868,JASEN ATLAS 37743   ,10000,2800000,1100000
869,BIJELI GOD FUNDER   ,10000,2800000,720000
870,HRAST AMAZONA 37713 ,10000,2800000,560000
956,Hr Kristal 34217RV  ,8000,2800000,1000000
957,BUKVA 3381          ,8000,2800000,1030000
958,MAH SAPELI 37489    ,8000,2800000,750000
959,TRESNJA  ACCO 39345 ,8000,2800000,560000
960,BIJELI GOD FUNDER   ,8000,2820000,586500
961,BIJELI GOD FUNDER   ,8000,2800000,1030000
962,Hr Sono Svje 34038AT,8000,2800000,770000
963,Hr Sono Svje 34038AT,8000,2800000,770000
964,HRAST TERRA 34137R  ,8000,2800000,920000
965,BIJELI GOD FUNDER   ,8000,2820000,861500
966,HRAST TERRA 34137R  ,8000,2800000,600000
967,HRAST TOBACCO 34138R,8000,2800000,590000
968,BIJELI GOD FUNDER   ,8000,2820000,861500
969,Javor Class 34047NM ,8000,2800000,1100000
970,MAH SAPELI 37489    ,8000,2800000,580000
971,HRAST DIVLJI 38932  ,8000,2800000,730000
972,Wenge Gondou 37710BS,8000,2800000,620000
974,HRAST 34139 PJESCANI,8000,2800000,800000
975,TRESNJA  ACCO 39345 ,8000,2800000,1020000
976,BRIJEST LAVA 34055  ,8000,2800000,1000000
977,BRIJEST LAVA 34055  ,8000,2800000,750000
978,Hr Sono Svje 34038AT,8000,2800000,520000
979,DIJAMANT 1570       ,8000,2800000,590000
1017,BUKVA 3381          ,8000,2600000,740000
1018,BUKVA 3381          ,8000,2700000,1030000
1019,BIJELI NK FUNDER    ,10000,2500000,840000
1020,HRAST DIVLJI 38932  ,8000,1940000,1000000
1021,BRIJEST LAVA 34055  ,8000,2280000,600000
1022,BIJELI NK FUNDER    ,10000,2500000,950000
1023,BIJELI NK FUNDER    ,10000,2500000,950000
1024,BIJELI NK FUNDER    ,10000,2500000,900000
1025,BIJELI NK FUNDER    ,10000,2070000,740000
1026,BIJELI SJAJ 17005G  ,10000,1740000,680000
1027,BIJELI SJAJ 17005G  ,10000,2070000,680000
1028,BIJELI NK FUNDER    ,10000,1870000,810000
1029,BIJELI NK FUNDER    ,10000,2070000,730000
1030,BIJELI NK FUNDER    ,10000,2070000,730000
1031,DIJAMANT 1570       ,10000,2010000,1260000
1032,DIJAMANT 1570       ,10000,2070000,1000000
1033,DIJAMANT 1570       ,10000,2040000,550000
1034,DIJAMANT 1570       ,8000,1970000,590000
1035,CRNA SJAJ FUNDER    ,10000,1630000,930000
1051,SLON SJAJ FUNDER    ,10000,1630000,900000
1052,BIJELI GL 1500S     ,8000,2070000,1060000
1054,SLON SJAJ FUNDER    ,10000,2050000,530000
1065,SLON SJAJ FUNDER    ,10000,2070000,630000
1071,WENGE NAIROBI 37648 ,10000,1940000,1020000
1072,SLON SJAJ FUNDER    ,10000,2070000,1270000
1074,SLON SJAJ FUNDER    ,10000,2070000,1270000
1075,SLON SJAJ FUNDER    ,10000,2070000,700000
1076,HRAST AMAZONA 37713 ,10000,1996500,991000
1083,SLON SJAJ FUNDER    ,10000,1650000,530000
1097,HRAST AMAZONA 37713 ,10000,2500000,1070000
1098,SVJETLO SIVI 2112   ,25000,2070000,1410000
1099,BIJELI NK 1500P     ,25000,670500,2070000
1100,MCR 5881            ,25000,2070000,670500
1101,SIVI NK 2191        ,25000,2070000,1390000
1102,SVJETLO SIVI 2112   ,25000,1400000,1260000
1103,LAVARE 37744        ,25000,1700000,1030000
1104,CRNI NK 2190P       ,25000,2030500,445000
1105,BIJELI GL 1500S     ,25000,1367000,2070000
1110,MCR 5881            ,25000,591500,2070000
1116,SIVA TAMNA 2162     ,25000,1300000,700000
1119,AHORN MURNAU 3306   ,25000,1420000,870000
1122,SIVA TAMNA 2162     ,25000,2070000,1400000
1123,BUKVA 3876          ,25000,1810000,900000
1124,ARTIC W SJAJ 606SG  ,25000,2070000,1400000
1126,RP Ravena Siva 60   ,38000,2030000,600000
1128,MCR 5881            ,38000,1320000,1510000
1133,MCR 5881            ,38000,2070000,1400000
1134,TRESNJA  ACCO 39345 ,38000,1200000,680000
1135,DIJAMANT 1570       ,38000,1211000,2070000
1136,MCR 5881            ,38000,2070000,1400000
1137,HRAST CRNIKA 37718AT,38000,1670000,500000
1138,MCR 5881            ,38000,1730000,540000
1146,BRIJEST 37965       ,25000,2800000,1030000
1147,Orah Sicilija37755BS,25000,2800000,1050000
1148,BIJELI 1615 FH FUND ,25000,2800000,1250000
1150,CRNI NK 2190P       ,25000,2800000,1150000
1153,DIJAMANT 1570       ,25000,2800000,770000
1155,HRAST AMAZONA 37713 ,25000,2800000,670000
1156,JASEN COIMBRA 37777 ,25000,2800000,1240000
1157,BUKVA 3876          ,25000,2800000,1040000
1158,BIJELI GL 1500S     ,25000,2800000,1030000
1159,WENGE NAIROBI 37648 ,25000,2800000,1030000
1160,TRESNJA  ACCO 39345 ,25000,2800000,1030000
1161,HRAST MOCV 37717 AT ,25000,2800000,1030000
1162,PLANINSKI BOR FUNDER,25000,2800000,1030000
1164,AHORN 3375          ,25000,2800000,1040000
1165,TRESNJA  ACCO 39345 ,25000,2800000,1250000
1166,SVJETLO SIVI 2112   ,25000,2800000,800000
1167,LAVARE 37744        ,25000,2800000,1021500
1168,BIJELI GOD FUNDER   ,25000,2800000,1030000
1170,JASEN COIMBRA 37777 ,25000,2800000,1180000
1174,BIJELI GL 1500S     ,25000,2800000,1030000
1175,TRESNJA  ACCO 39345 ,25000,2800000,1246000
1176,BIJELI GOD FUNDER   ,25000,2800000,740000
1177,AHORN 3375          ,25000,2800000,960000
1179,ZINGANA 37782       ,25000,2330000,500000
1231,HRAST AMAZONA 37713 ,38000,2800000,1030000
1255,PLANINSKI BOR FUNDER,19000,2800000,340000
1256,CHAMP GOD 27045SU   ,19000,2280000,370000
1257,JELA 3396           ,19000,2180000,300000
1259,0595FH PACIFIC      ,19000,2800000,330000
1260,Basalt 2166PE       ,19000,1700000,350000
1261,HRAST MOCV 37717 AT ,19000,2180000,360000
1262,SIVA TAMNA 2162     ,19000,2500000,350000
1265,0441PO Tresnja Amer ,19000,2800000,300000
1266,MCR 5881            ,19000,2800000,320000
1267,TAUPE GOD 27166SU   ,19000,2800000,330000
1268,BUKVA 3876          ,19000,2800000,380000
1269,BIJELI GL 1500S     ,19000,2800000,360000
1270,RUBY CRV SJAJ 318SG ,19000,2800000,320000
1271,0085SG Sjaj Bijela  ,19000,2800000,330000
1272,0052SG Tend Violet  ,19000,2150000,340000
1273,JAVOR CORE 37776    ,19000,1550000,350000
1274,Javor Class 34047NM ,19000,2800000,375000
1275,BEIGE GOD 27049SU   ,19000,2100000,350000
1277,BIJELI NK 1500P     ,16000,2070000,310000
1278,JASMIN 2541         ,19000,2800000,330000
1279,MOJAVE 27174        ,19000,2070000,360000
1280,0085SG Sjaj Bijela  ,19000,2800000,350000
1281,MASLINA 37762       ,19000,2800000,350000
1282,BIJELI NK 1500P     ,16000,2800000,310000
1285,HRAST AMAZONA 37713 ,19000,2800000,340000
1286,JASEN COIMBRA 37777 ,19000,2500000,360000
1287,JASEN COIMBRA 37777 ,19000,2110000,380000
1288,Tr Cremona 37740NM  ,19000,2030000,350000
1299,MAHAGONIJ 3753      ,19000,2800000,380000
1301,BIJELI GOD FUNDER   ,19000,1190000,440000
1302,Hr Quartz K4324SE   ,19000,1280000,730000
1303,SLONOVACA 2514      ,19000,1030000,810000
1305,HRAST TERRA 34137R  ,19000,1180000,460000
1306,HRAST TOBACCO 34138R,19000,1400000,360000
1307,TITAN 5853          ,19000,960000,950000
1308,BEIGE GOD 27049SU   ,19000,1100000,490000
1309,Orah Sicilija37755BS,19000,1199000,650000
1310,Limun Zeleni 25519BS,19000,750000,460000
1311,Njezno Zelen 27178BS,19000,1130000,1130000
1312,BIJELI SJAJ 17005G  ,19000,1110000,940000
1314,SVJETLO SIVI 2112   ,19000,1090000,770000
1315,ZINGANA 37782       ,19000,830000,440000
1316,VIOLA 27167         ,19000,830000,790000
1317,BIJELI GOD FUNDER   ,19000,1180000,1250000
1318,ZINGANA 37782       ,19000,750000,400000
1319,Hr Quartz K4324SE   ,19000,1290000,690000
1321,COKOLADA TAMNA 27181,19000,980000,940000
1322,MASLINA 37762       ,19000,1160000,630000
1323,SLON SJAJ FUNDER    ,19000,1190000,590000
1324,CRVENA 2149         ,19000,1072000,450000
1325,ZUTA 2134           ,19000,1010000,750000
1326,HRAST CRNIKA 37718AT,19000,1200000,1120000
1327,CHAMP 27045 DC      ,19000,720000,680000
1328,CABANA 27165BS      ,19000,1040000,800000
1329,BIJELI NK 1500P     ,18000,1170000,1010000
1330,0650SG Sjaj Limun   ,19000,1220000,1040000
1331,TAUPE 27166         ,19000,870000,420000
1332,HRAST CLASSIC 34140 ,19000,1230000,480000
1333,MOJAVE 27174        ,19000,880000,610000
1334,SLONOVACA 2514      ,19000,870000,790000
1335,SLON SJAJ FUNDER    ,19000,1240000,1220000
1336,Bor Cottage K4347AT ,19000,650000,990000
1337,0881PN GreyKingTree ,19000,550000,640000
1338,Hr Sono Svje 34038AT,19000,840000,1050000
1339,HRAST DIVLJI 38932  ,19000,1220000,1070000
1340,Kasmir 27049BS      ,19000,1050000,400000
1341,PINK FUNDER 51FH    ,19000,620000,600000
1342,CRNA SJAJ FUNDER    ,19000,1283500,710000
1344,PLANINSKI BOR FUNDER,19000,610000,1060000
1345,ARTIC W SJAJ 606SG  ,19000,1270000,1150000
1346,BIJELI NK 1500P     ,19000,560000,560000
1347,Hr Sono Svje 34038AT,19000,840000,1050000
1348,HRAST PJESCANI 37849,19000,900000,530000
1349,Hr Sono Svje 34038AT,19000,840000,1050000
1350,Orah Sicilija37755BS,19000,1180000,840000
1351,CRVENA 2149         ,19000,1230000,320000
1352,Hr Sono Svje 34038AT,19000,1170000,860000
1353,PINK FUNDER 51FH    ,19000,1010000,920000
1355,JASMIN 2541         ,19000,900000,380000
1356,BIJELI GL 1500S     ,19000,1080000,920000
1357,MAH SAPELI 37489    ,19000,1300000,360000
1358,SIVA TAMNA 2162     ,19000,960000,730000
1359,BIJELA 01630 NK     ,18000,900000,570000
1360,Vanilija 27123 NM   ,19000,1050000,930000
1361,ORAH ZINGARO 37458  ,19000,780000,580000
1362,Hr Sono Gom 37855AW ,19000,1070000,1050000
1363,0085SG Sjaj Bijela  ,19000,1080000,490000
1364,BUKVA 3381          ,19000,994000,770000
1365,Limun Zeleni 25519BS,19000,1020000,530000
1366,ORANGE 27121        ,19000,1200000,870000
1367,HRAST CRNIKA 37718AT,19000,820000,770000
1368,SIVA TAMNA 2162     ,19000,1061500,510500
1369,JASEN ATLAS 37743   ,19000,760000,720000
1370,JASMIN 2541         ,19000,1200000,410000
1371,WENGE ZANZIBAR 37651,19000,1120000,800000
1372,ZELENA MAMBA 27190  ,19000,720000,530000
1373,AK 18 OBOS CRNI     ,18000,1000000,580000
1374,BRIJEST 37965       ,19000,960000,580000
1375,BUKVA 3381          ,19000,1020000,700000
1376,BIJELA 01630 NK     ,18000,1270000,1080000
